"","s"
"1","massachusetts"
"2","kansas"
"4","kansas"
"5","maryland"
"6","washington"
"7","illinois"
"9","kansas"
"10","district of columbia"
"11","massachusetts"
"12","california"
"13","nevada"
"14","california"
"15","kansas"
"16","texas"
"17","georgia"
"18","new jersey"
"19","new jersey"
"23","louisiana"
"25","illinois"
"26","california"
"27","florida"
"28","pennsylvania"
"30","california"
"34","new jersey"
"35","california"
"36","kansas"
"37","texas"
"38","michigan"
"39","virginia"
"40","new york"
"41","virginia"
"42","arizona"
"44","south carolina"
"45","kentucky"
"46","california"
"47","pennsylvania"
"48","california"
"50","texas"
"51","new york"
"52","new york"
"53","massachusetts"
"54","kansas"
"55","colorado"
"56","kentucky"
"57","massachusetts"
"58","texas"
"59","california"
"60","texas"
"61","texas"
"62","new jersey"
"63","texas"
"65","connecticut"
"66","district of columbia"
"67","florida"
"68","pennsylvania"
"69","california"
"70","illinois"
"71","district of columbia"
"73","new york"
"74","district of columbia"
"75","texas"
"76","florida"
"77","new york"
"78","florida"
"79","california"
"81","massachusetts"
"82","texas"
"83","texas"
"84","kansas"
"85","new jersey"
"86","new jersey"
"87","vermont"
"88","alabama"
"89","indiana"
"91","new mexico"
"92","california"
"93","new york"
"94","california"
"95","california"
"96","kansas"
"97","florida"
"98","new york"
"99","kansas"
"100","oregon"
"101","kansas"
"102","illinois"
"103","new mexico"
"104","illinois"
"105","texas"
"106","massachusetts"
"107","florida"
"108","massachusetts"
"109","california"
"110","washington"
"112","new york"
"113","california"
"118","missouri"
"119","florida"
"120","pennsylvania"
"121","district of columbia"
"122","georgia"
"124","pennsylvania"
"125","oregon"
"126","california"
"127","ohio"
"129","pennsylvania"
"131","new york"
"132","nevada"
"133","kansas"
"134","california"
"135","kansas"
"136","georgia"
"137","georgia"
"138","pennsylvania"
"139","massachusetts"
"140","california"
"141","kansas"
"143","california"
"144","kentucky"
"145","pennsylvania"
"146","california"
"147","texas"
"148","georgia"
"150","texas"
"151","florida"
"152","kansas"
"153","kansas"
"154","district of columbia"
"155","california"
"157","tennessee"
"158","florida"
"159","iowa"
"160","rhode island"
"161","new york"
"162","texas"
"163","new york"
"164","texas"
"165","massachusetts"
"166","georgia"
"167","illinois"
"168","louisiana"
"169","texas"
"170","texas"
"171","california"
"172","texas"
"173","florida"
"175","texas"
"177","new jersey"
"178","texas"
"179","georgia"
"181","massachusetts"
"182","massachusetts"
"184","texas"
"185","north carolina"
"186","massachusetts"
"187","north carolina"
"190","pennsylvania"
"191","texas"
"192","california"
"193","georgia"
"195","california"
"196","alabama"
"198","illinois"
"201","ohio"
"202","texas"
"203","maryland"
"204","oregon"
"206","district of columbia"
"207","tennessee"
"208","florida"
"209","texas"
"210","texas"
"211","district of columbia"
"212","tennessee"
"213","district of columbia"
"214","kansas"
"215","pennsylvania"
"217","district of columbia"
"218","florida"
"219","california"
"221","new york"
"222","district of columbia"
"223","new jersey"
"224","massachusetts"
"225","rhode island"
"226","california"
"227","kansas"
"228","california"
"229","indiana"
"230","california"
"231","michigan"
"232","kentucky"
"233","new york"
"234","georgia"
"235","tennessee"
"236","georgia"
"237","wisconsin"
"240","massachusetts"
"241","new jersey"
"243","georgia"
"245","massachusetts"
"246","ohio"
"247","new york"
"248","illinois"
"251","georgia"
"252","massachusetts"
"253","new jersey"
"254","kansas"
"255","oregon"
"256","virginia"
"258","kansas"
"260","arkansas"
"261","georgia"
"263","oklahoma"
"264","minnesota"
"265","new york"
"266","colorado"
"267","massachusetts"
"268","rhode island"
"271","massachusetts"
"272","michigan"
"273","new jersey"
"274","texas"
"275","illinois"
"276","tennessee"
"277","texas"
"278","michigan"
"279","south carolina"
"280","texas"
"281","new hampshire"
"282","florida"
"283","tennessee"
"284","texas"
"285","new jersey"
"286","nevada"
"288","washington"
"289","pennsylvania"
"290","ohio"
"291","florida"
"292","connecticut"
"293","michigan"
"294","california"
"296","virginia"
"297","california"
"298","florida"
"300","new jersey"
"301","florida"
"302","illinois"
"303","florida"
"304","indiana"
"305","ohio"
"306","florida"
"307","florida"
"309","georgia"
"310","virginia"
"311","california"
"312","north carolina"
"314","kansas"
"315","new jersey"
"316","california"
"317","kentucky"
"318","utah"
"320","virginia"
"322","ohio"
"323","kansas"
"324","pennsylvania"
"325","texas"
"326","ohio"
"328","pennsylvania"
"329","california"
"330","georgia"
"331","florida"
"333","maryland"
"334","maine"
"335","massachusetts"
"337","new jersey"
"338","new york"
"339","california"
"341","nevada"
"342","georgia"
"344","kansas"
"345","pennsylvania"
"346","nevada"
"347","massachusetts"
"348","minnesota"
"351","missouri"
"352","pennsylvania"
"354","california"
"355","georgia"
"357","kansas"
"358","nebraska"
"359","nevada"
"360","district of columbia"
"361","california"
"362","california"
"363","new york"
"364","tennessee"
"365","kentucky"
"366","texas"
"367","florida"
"369","california"
"370","ohio"
"371","louisiana"
"372","ohio"
"375","louisiana"
"376","florida"
"377","california"
"378","kansas"
"379","pennsylvania"
"380","illinois"
"381","kansas"
"382","georgia"
"383","california"
"384","california"
"385","kansas"
"386","texas"
"387","massachusetts"
"388","texas"
"389","california"
"391","michigan"
"394","new york"
"395","vermont"
"396","arizona"
"397","new york"
"398","texas"
"399","california"
"401","new jersey"
"402","texas"
"403","california"
"404","texas"
"405","california"
"407","new york"
"408","michigan"
"409","california"
"410","california"
"411","kansas"
"412","utah"
"413","connecticut"
"415","florida"
"416","california"
"417","pennsylvania"
"418","california"
"419","kansas"
"420","oregon"
"421","california"
"422","massachusetts"
"423","tennessee"
"424","washington"
"425","california"
"426","new jersey"
"427","indiana"
"428","michigan"
"429","indiana"
"432","texas"
"433","new jersey"
"434","texas"
"435","wisconsin"
"436","california"
"437","new jersey"
"438","texas"
"439","tennessee"
"440","montana"
"442","california"
"444","california"
"445","illinois"
"446","rhode island"
"447","california"
"448","new york"
"450","district of columbia"
"451","kansas"
"452","florida"
"453","california"
"454","georgia"
"455","california"
"457","california"
"458","texas"
"459","tennessee"
"461","florida"
"462","kansas"
"463","indiana"
"464","texas"
"466","wisconsin"
"467","new york"
"468","michigan"
